{"cameraMode":{"drawMode":0,"name":"Shaded","section":"Shading Mode"},"sceneLighting":false,"audioPlay":false,"sceneViewState":{"showFog":false,"showMaterialUpdate":false,"showSkybox":false,"showFlares":false,"showImageEffects":false,"showParticleSystems":false},"in2DMode":false,"pivot":{"x":-0.33191752433776858,"y":0.4274357557296753,"z":1.085954189300537},"rotation":{"x":-0.009955701418220997,"y":-0.9899417161941528,"z":0.09233050793409348,"w":-0.10673800855875015},"size":2.6846258640289308,"orthographic":false}