{"Accels": [1.0, 1.0, 1.0], "AccelBias": [0.0, 0.0, 0.0], "GyroBias": [0.004157257896335008, 0.10207785900616564, -0.0058657018044060575], "Mags": [1.0, 1.0, 1.0], "MagBias": [0.0, 0.0, 0.0]}