{"Accels": [1.007927770636335, 1.011169070986584, 0.9862139227191121], "AccelBias": [-0.02260362069617977, 0.24261502532281376, -1.513381742363933], "GyroBias": [0.018898079457010396, 0.011098893198575368, -0.00992974764028513], "Mags": [1.0, 1.0, 1.0], "MagBias": [0.0, 0.0, 0.0]}