{"cameraMode":{"drawMode":0,"name":"Shaded","section":"Shading Mode"},"sceneLighting":false,"audioPlay":false,"sceneViewState":{"m_AlwaysRefresh":false,"showFog":false,"showSkybox":false,"showFlares":false,"showImageEffects":false,"showParticleSystems":false,"showVisualEffectGraphs":true,"m_FxEnabled":true},"in2DMode":false,"pivot":{"x":0.11435508728027344,"y":-0.3919942378997803,"z":0.14604949951171876},"rotation":{"x":-0.036791324615478519,"y":-0.9613547325134277,"z":0.16007862985134126,"w":-0.220948725938797},"size":3.6894278526306154,"orthographic":false}